task,val_loss_tabular,val_loss_spatial,delta,improvement_pct
landfall,0.7608,0.7744,-0.013599999999999945,-1.7875920084121903
decay,0.883,0.8855,-0.0024999999999999467,-0.2831257078142635
